danial,99b057c8e3461b97f8d6c461338cf664bc84706b9cc2812daaebf210ea1b9974,,,,,,
elham,85432a9890aa5071733459b423ab2aff9f085f56ddfdb26c8fae0c2a04dce84c,,,,,,
Maia ,5292478e83f6b244c7c7c5c1fe272121abdc2982f66ed11fcbc6ea7e73af124d,,,,,,
Brittany ,7bd341f08056de72d77d24aa5bc681dcb485b628df4fd03179e30ee2bc01f097,,,,,,
Shiloh ,5354c67c9c2aedfc0ce61aef916c3e78dc5af1b67b52e7eae1c52078f4c46f7d,,,,,,
Cloe ,d39c538aae1d1cc79d546fab612be0e2ccbbea6489ae7465fb119f276e36fb8f,,,,,,
Aidan ,634bce1b71598aee213035a6cc63d3f879d11a8cb7ce4f93651b4266f7873035,,,,,,
Virginia,b2b48d24f7d0790f675afa9f9b5252e57edc7ba0d438811789f3602a52019bb7,,,,,,
Tucker ,08f938bb1687f1b2586c657d234a0d4cf2a07e7007ab2409f345a0e76748a7f6,,,,,,
Rhianna ,0258177156a9969969739bb1fd01f8fa55490e292db9888db4517cc9ea742f7e,,,,,,
Heather ,f4fc1ac61a9e62b9b0a8b24da10deb3e1dfc3fd85e82d12a5029b54cb4ea29f8,,,,,,
Yahir,13b15ff5b941ca90e9bc41495c160cd29bda02991b4236d78268a40acd861955,,,,,,
